Shanghai Shenhua	shanghai-shenhua.c81063b4.png
Chengdu Rongcheng	chengdu-rongcheng.b1770fd5.png
Shanghai Port	shanghai-port.af639000.png
Beijing Guoan	beijing-guoan.2337dee6.png
Zhejiang Professional	zhejiang-professional.8dee2e5b.png
Tianjin Jinmen Tiger	tianjin-jinmen-tiger.7549c4ea.png
Dalian Yingbo	dalian-yingbo.b94a0e34.png
Shandong Taishan	shandong-taishan.26d2df27.png
Yunnan Yukun	yunnan-yukun.cd3e7e8d.png
Qingdao West Coast	qingdao-west-coast.b27c8f29.png
Wuhan Three Towns	wuhan-three-towns.e979d588.png
Henan Songshan Longmen	henan-songshan-longmen.062f6c4e.png
Shenzhen Xinpengcheng	shenzhen-xinpengcheng.68d9d377.png
Qingdao Hainiu	qingdao-hainiu.041b4a85.png
Meizhou Hakka	meizhou-hakka.c605831a.png
Changchun Yatai	changchun-yatai.2bad1128.png
