Arsenal	arsenal.e5528ede.png
Aston Villa	aston-villa.07a2646c.png
Chelsea	chelsea.ede8a2a7.png
Everton	everton.6b635cd7.png
Liverpool FC	liverpool.99c48ae3.png
Manchester City	manchester-city.62f9d1f2.png
Manchester United	manchester-united.7ab9d343.png
Newcastle	newcastle.53b65b3d.png
Tottenham	tottenham.f192bf50.png
Bournemouth	bournemouth.1a237aee.png
Brentford	brentford.e3296e20.png
Brighton	brighton.5da206a0.png
Coventry City	coventry-city.0d74fc5a.png
Crystal Palace	crystal-palace.53067b96.png
Fulham	fulham.4c7ce48b.png
Hull City	hull-city.28918662.png
Ipswich	ipswich.bb8ea176.png
Leeds United	leeds-united.26dba8f5.png
Nottingham Forest	nottingham-forest.43b53a26.png
Sunderland	sunderland.2f55baea.png
West Ham	west-ham.c86eebf5.png
Birmingham City	birmingham.1026e178.png
Blackburn Rovers	blackburn-rovers.a6f1e611.png
Bolton Wanderers	bolton.4a68a472.png
Bristol City	bristol-city.32f1f82d.png
Burnley	burnley.7baea7d7.png
Cardiff City	cardiff-city.f164becb.png
Charlton Athletic	charlton.68457b55.png
Derby County	derby-county.ba26b540.png
Lincoln City	lincoln-city.d7003a2c.png
Middlesbrough	middlesbrough.b9f845aa.png
Millwall	millwall.07c9fbfe.png
Norwich City	norwich-city.5cf24a54.png
Portsmouth	portsmouth.1007a222.png
Preston North End	preston-north-end.c8495ff2.png
Queens Park Rangers	queens-park-rangers.520a466e.png
Sheffield United	sheffield-united.1c8f00ec.png
Southampton	southampton.2a25d8e7.png
Stoke City	stoke-city.d394721d.png
Swansea City	swansea-city.af33720d.png
Watford	watford.99d74158.png
West Bromwich Albion	west-bromwich-albion.bc428244.png
Wolverhampton Wanderers	wolves.2c773758.png
Wrexham AFC	wrexham.8faea20f.png
AFC Wimbledon	afc-wimbledon.68931326.png
Barnsley	barnsley.eeaac65d.png
Blackpool	blackpool.05310153.png
Bradford City	bradford.019d7449.png
Bromley	bromley.70df050b.png
Burton Albion	burton.c4e07845.png
Cambridge United	cambridge-united.ce4c866e.png
Doncaster Rovers	doncaster-rovers.b36ecd25.png
Huddersfield Town	huddersfield.944e6a57.png
Leicester	leicester.9c13bc7c.png
Leyton Orient	leyton-orient.c7c4a14e.png
Luton Town	luton-town.b918012a.png
Mansfield Town	mansfield.93b6fc2f.png
Milton Keynes Dons	mk-dons.661a7209.png
Notts County	notts-county.b135f072.png
Oxford United	oxford-united.881849cd.png
Peterborough United	peterborough.c708671d.png
Plymouth Argyle	plymouth-argyle.be2526a7.png
Reading	reading.97e75826.png
Sheffield Wednesday	sheffield-wednesday.41a8f439.png
Stevenage	stevenage.cb1c36fa.png
Stockport County	stockport-county.82cbdd72.png
Wigan Athletic	wigan.9339b194.png
Wycombe Wanderers	wycombe.b55b5638.png
Accrington Stanley	accrington.985a895a.png
Barnet	barnet.0e3477dc.png
Bristol Rovers	bristol-rovers.3396d3b9.png
Chesterfield	chesterfield.c6832531.png
Cheltenham Town	cheltenham.b8c84bf8.png
Colchester United	colchester.fba7369a.png
Crawley Town	crawley-town.4c72af78.png
Crewe Alexandra	crewe.21e8c9f5.png
Exeter City	exeter.48c0a951.png
Fleetwood Town	fleetwood-town.84ce757f.png
Gillingham	gillingham.d39bc314.png
Grimsby Town	grimsby.c8994bb0.png
Newport County	newport.5139ecec.png
Northampton Town	northampton.5a5f9731.png
Oldham Athletic	oldham.8e568e90.png
Port Vale FC	port-vale.b1ba14a7.png
Rochdale	rochdale.0d47ef97.png
Rotherham United	rotherham.8002b756.png
Salford City	salford-city.b6285922.png
Shrewsbury Town	shrewsbury.12fdf1c9.png
Swindon Town	swindon-town.244d3daa.png
Tranmere Rovers	tranmere.7f26ba66.png
Walsall	walsall.573843c4.png
York City	york.fb8e692f.png
Sutton United	sutton-united.40475d8e.png
Solihull Moors	solihull-moors.e19a190f.png
Harrogate Town	harrogate-town.8d7f79d7.png
Barrow AFC	barrow.6407ad23.png
