AEK Athens	aek-athens.c6c750f1.png
Aris Thessaloniki	aris-thessaloniki.915735c7.png
Asteras Tripolis	asteras.cfe5b591.png
Atromitos	atromitos.00dfa4b2.png
AE Kifisia	kifisia.0427be97.png
Levadiakos	levadiakos.8fc661a5.png
OFI Crete	ofi.712b9af9.png
Olympiacos	olympiacos.2eaa46ae.png
Panathinaikos	panathinaikos.085bafeb.png
Panetolikos	panetolikos.5d77e763.png
PAOK	paok.c4ab9689.png
Volos NFC	volos.d004fa3f.png
Iraklis Thessaloniki	iraklis-thessaloniki.18253766.png
PAS Giannina	giannina.9d3693b0.png
Panionios	panionios.d24884d5.png
Niki Volou	niki-volou.49b673f0.png
Lamia	lamia.2a21e59e.png
Panserraikos	panserraikos.0f981a0c.png
Athens Kallithea	athens-kallithea.8c9b2021.png
Larissa	larissa.4fc9884e.png
