Mohun Bagan Super Giant	mohun-bagan-super-giant.a17ad1fd.png
FC Goa	fc-goa.6d0ebc2e.png
Bengaluru FC	bengaluru-fc.ddf717bc.png
NorthEast United	northeast-united-fc.85e6266d.png
Jamshedpur FC	jamshedpur-fc.21dfd252.png
Mumbai City FC	mumbai-city-fc.d4d6f7a1.png
Odisha FC	odisha-fc.04853e25.png
Kerala Blasters	kerala-blasters-fc.3316c8fb.png
East Bengal	east-bengal-fc.3e27eb81.png
Punjab FC	punjab-fc.66c17ce4.png
Chennaiyin FC	chennaiyin-fc.e15aa290.png
Hyderabad FC	hyderabad-fc.b0ad6263.png
Mohammedan SC	mohammedan-sc.a4690970.png
Inter Kashi	inter-kashi.d0f4e2c7.png
