PSV Eindhoven	psv.b5ebd0db.png
Ajax	ajax.fadc62c4.png
Feyenoord	feyenoord.06e393bc.png
FC Utrecht	fc-utrecht.a8ccd806.png
AZ Alkmaar	az-alkmaar.a5883ab7.png
Twente	twente.6ab33058.png
ADO Den Haag	ado-den-haag.aed6f890.png
Excelsior Rotterdam	excelsior-rotterdam.283370b9.png
Telstar	telstar.c6ac77b5.png
Fortuna Sittard	fortuna-sittard.05ad8019.png
Go Ahead Eagles	go-ahead-eagles.8a93983d.png
FC Groningen	fc-groningen.7adf21bc.png
sc Heerenveen	sc-heerenveen.c36c6c06.png
N.E.C. Nijmegen	nec-nijmegen.e9cc5441.png
Sparta Rotterdam	sparta-rotterdam.03d6a993.png
Willem II	willem-ii.e9a62d88.png
PEC Zwolle	pec-zwolle.bb36e35d.png
SC Cambuur	sc-cambuur.f7025c05.png
Almere City FC	almere-city-fc.28f26b3f.png
FC Emmen	fc-emmen.8aca22fe.png
Heracles Almelo	heracles-almelo.c6007883.png
NAC Breda	nac-breda.57a892cd.png
RKC Waalwijk	rkc-waalwijk.c6f20fed.png
Roda JC Kerkrade	roda-jc-kerkrade.ee519c03.png
TOP Oss	top-oss.a1de2cdd.png
Vitesse	vitesse.ffea0429.png
Volendam	volendam.f594d394.png
VVV-Venlo	vvv-venlo.44bb6cfa.png
De Graafschap	de-graafschap.3c2375e6.png
FC Den Bosch	fc-den-bosch.ccaa4af5.png
FC Eindhoven	fc-eindhoven.e4dfb089.png
FC Dordrecht	fc-dordrecht.d2734b11.png
Helmond Sport	helmond-sport.bf112ab5.png
MVV Maastricht	mvv-maastricht.78dd0905.png
