Aalesund	aalesund.76e1b808.png
Bodø/Glimt	bodo-glimt.5dfc49c2.png
Brann	brann.ce579b2e.png
Fredrikstad	fredrikstad.1307e08c.png
HamKam	hamkam.27e5772e.png
KFUM	kfum.4df090b5.png
Kristiansund	kristiansund.158579bf.png
Lillestrøm	lillestrom.9005813f.png
Molde	molde.72462fc0.png
Rosenborg	rosenborg.8d1c5203.png
Sandefjord	sandefjord.39cce258.png
Sarpsborg 08	sarpsborg.67260c51.png
IK Start	start.60532c15.png
Tromsø	tromso.2cde3ac0.png
Vålerenga	valerenga.4d61dd7f.png
Viking	viking.6bd46d37.png
Bryne	bryne.f435257f.png
Hødd	hodd.6f1ca542.png
Haugesund	haugesund.33bd1c07.png
Kongsvinger	kongsvinger.d61038c4.png
Lyn 1896 FK	lyn.8629c61e.png
Moss FK	moss.321a313a.png
Odd	odd.0122e1b7.png
Stabæk	stabaek.3b6c2642.png
Strømsgodset	stromsgodset.b5bb1025.png
Sandnes Ulf	sandnes-ulf.aab00d53.png
Ranheim Fotball	ranheim-fotball.487290a8.png
Egersunds IK	egersunds-ik.5ba80f0e.png
Sogndal Fotball	sogndal-fotball.f3a3ea5c.png
Raufoss IL	raufoss-il.accb107e.png
Åsane Fotball	asane-fotball.11f474a6.png
Mjøndalen	mjondalen.6b4f8332.png
Skeid	skeid.27543744.png
