Crvena Zvezda	crvena-zvezda.c6899864.png
FK Čukarički	cukaricki.527f3aea.png
FK IMT	imt.a13b8287.png
FK Mladost Lučani	mladost-lucani.036d98a5.png
FK Novi Pazar	novi-pazar.f8b44d31.png
OFK Beograd	ofk-beograd.e078bf2a.png
FK Partizan	partizan.f82f5f7a.png
Radnički 1923	radnicki-1923.d8c4732c.png
Radnicki Niš	radnicki-nis.eca05c2b.png
Radnik Surdulica	radnik-surdulica.97298692.png
FK Vojvodina	vojvodina.f9cadb38.png
Zeleznicar Pancevo	zeleznicar-pancevo.c8117a62.png
Javor Ivanjica	javor.56c7fda3.png
Metalac	metalac.8cec1985.png
FK Napredak Kruševac	napredak.5d2d9346.png
Spartak Subotica	spartak-subotica.a348c67e.png
FK TSC	tsc.a151191b.png
Voždovac	vozdovac.3d528d6f.png
