Jeonbuk Hyundai Motors	jeonbuk.46d178e1.png
Daejeon Hana Citizen	daejeon-hana-citizen.b679f304.png
Gimcheon Sangmu	gimcheon-sangmu-fc.37b97c7f.png
Pohang Steelers	pohang-steelers.07721753.png
Gwangju FC	gwangju-fc.abfa4999.png
FC Seoul	fc-seoul.80454f22.png
Ulsan HD	ulsan-hd-fc.5bd36e8f.png
Gangwon FC	gangwon-fc.e54434e2.png
FC Anyang	fc-anyang.135b0bd3.png
Jeju SK	jeju-sk-fc.4df50cff.png
Bucheon FC 1995	bucheon-fc-1995.2485339c.png
Incheon United	incheon-united.be6a7649.png
Suwon FC	suwon-fc.5c655e7d.png
Daegu FC	daegu-fc.7f150244.png
Busan IPark	busan-ipark.c8acfad7.png
Suwon Bluewings	suwon-bluewings.e70d9bde.png
Seoul E-Land	seoul-e-land.1e06a96e.png
Hwaseong FC	hwaseong.23063d0f.png
Gimpo FC	gimpo.909fa292.png
Chungnam Asan	chungnam-asan.b359e589.png
Cheonan City	cheonan-city.f30c1a9e.png
Seongnam FC	seongnam.a65d2964.png
Gyeongnam FC	gyeongnam.4fd712f2.png
Chungbuk Cheongju	chungbuk-cheongju.b365ce6e.png
Ansan Greeners	ansan-greeners.9ef8dbde.png
Jeonnam Dragons	jeonnam-dragons.ba184635.png
