Galatasaray	galatasaray.b788795f.png
Fenerbahçe	fenerbahce.826f10c2.png
Samsunspor	samsunspor.41fc3878.png
Beşiktaş	besiktas.44876961.png
Başakşehir	basaksehir.35ffe15e.png
Eyüpspor	eyupspor.61622458.png
Trabzonspor	trabzonspor.1e906ab3.png
Göztepe Izmir	goztepe-izmir.97b34eb2.png
Çaykur Rizespor	rizespor.ce5e503b.png
Kasımpaşa	kasimpasa.d933ed42.png
Konyaspor	konyaspor.748221f7.png
Alanyaspor	alanyaspor.f5697a8a.png
Gaziantep	gaziantep.2b19f697.png
Gençlerbirliği	genclerbirligi.05bc9f65.png
Kocaelispor	kocaelispor.bb613053.png
Amed SFK	amed.38690353.png
erzurumspor	erzurumspor.5ea75ed9.png
Çorum FK	corum.b3322201.png
Kayserispor	kayserispor.527dfb92.png
Antalyaspor	antalyaspor.a15602d3.png
Bodrum FK	bodrum-fk.4a7cb95d.png
Sivasspor	sivasspor.4b159afe.png
Boluspor	boluspor.0a34125f.png
Bursaspor	bursaspor.55006f93.png
Fatih Karagümrük	fatih-karagumruk.a4d349d6.png
Esenler Erokspor	esenler-erokspor.e7eb9a0a.png
Pendikspor	pendikspor.7167812f.png
Iğdır FK	igdir.b74788e1.png
Keçiörengücü	keciorengucu.1da4a561.png
Bandırmaspor	bandirmaspor.7b76f092.png
Van Spor FK	van-spor.7b54b4a6.png
Manisa FK	manisa.051e348e.png
İstanbulspor	istanbulspor.1671c184.png
Sarıyer	sariyer.44b174b2.png
Ümraniyespor	umraniyespor.d279e79e.png
Hatayspor	hatayspor.40e6c59a.png
Adana Demirspor	adana-demirspor.9806864c.png
Ankaragücü	ankaragucu.9d37b239.png
